repository_path	original_path	original_sha256	release_sha256	action	notes
DDIM_Evaluation/effective_rank_core.py	cDDIM_cFMM_Repo/Effective_Rank_Github/effective_rank_core.py	2bb35804309fdf63cd8396876cb275ddf8fb9fcb47f33a7d2e8b1fb695015794	1b2925bcb761bf374b0c02fe9f4ae595ebee4e5e2ccf749ddad87dbe1b6c2a9f	public-release-edit	Required by the effective-rank evaluation scripts; Only release-integration or path-portability edits; see docs/PROVENANCE.md
Code/DDIM_FMM/environment.yml	Code/DDIM_FMM/environment.yml	5a7c36a28089226d76d5138836291fae82068a2fa7db0824cfbabc4ca642af1e	5a7c36a28089226d76d5138836291fae82068a2fa7db0824cfbabc4ca642af1e	copied-verbatim	
Code/DDIM_FMM/generate_10k.py	Code/DDIM_FMM/generate_10k.py	49e47825a5107eb8cf3174008ce32189360882eac896b0e40215a756252b061c	49e47825a5107eb8cf3174008ce32189360882eac896b0e40215a756252b061c	copied-verbatim	
Code/DDIM_FMM/generate_downstream_28GHz_LoS.py	Code/DDIM_FMM/generate_downstream_28GHz_LoS.py	c46d05e85518a2f69a13c3580f63ca86584dead12be3e5b63a2f6037cd093aa1	0951942f3d79384ff316e2ab7dd8d60393d9f3578208dd0f4b99ce91e0cfaddf	public-release-edit	Only release-integration or path-portability edits; see docs/PROVENANCE.md
Code/DDIM_FMM/generate_downstream_28GHz_LoS_SceneV1.py	Code/DDIM_FMM/generate_downstream_28GHz_LoS_SceneV1.py	0576ab950e9d54ac54ebfa27411a90b9df1ff2d2c52ccdbd2081b1ae3397ece2	6d5d75deb210b670dbb291b0f3782c44db6720de5864a73ac0a2bbbf54d0ab11	public-release-edit	Only release-integration or path-portability edits; see docs/PROVENANCE.md
Code/DDIM_FMM/infer_DDIM.py	Code/DDIM_FMM/infer_DDIM.py	2a79798d5ee895f4c880d229de8c5aa25492ebca63b24748196c64b4ff60ad5b	2a79798d5ee895f4c880d229de8c5aa25492ebca63b24748196c64b4ff60ad5b	copied-verbatim	
Code/DDIM_FMM/infer_DDIM_tau.py	Code/DDIM_FMM/infer_DDIM_tau.py	e47da39446a985be5d4da1acf21c4d2e3fddfc574720a478969f02202c942b07	e47da39446a985be5d4da1acf21c4d2e3fddfc574720a478969f02202c942b07	copied-verbatim	
Code/DDIM_FMM/infer_FMM.py	Code/DDIM_FMM/infer_FMM.py	90082f27f368baac40266529582342b2014e79a1ab4d571feef0cc37b5765c28	90082f27f368baac40266529582342b2014e79a1ab4d571feef0cc37b5765c28	copied-verbatim	
Code/DDIM_FMM/run_tau_training.sh	Code/DDIM_FMM/run_tau_training.sh	3dcb3535cf0aa6aecadd044c94009ffebd858bfb7bb4e4e26ad2cb6bca644a9c	d64e0ba640293f5251c23cecc1c35b29572ad121e1b1e528e110fa00904a7b12	public-release-edit	Only release-integration or path-portability edits; see docs/PROVENANCE.md
Code/DDIM_FMM/run_tau_training_ema_28GHz_LoS.sh	Code/DDIM_FMM/run_tau_training_ema_28GHz_LoS.sh	1680cc39184e5427d4f385dd6f7454b4099bdc4fc1a0bfa5684301bdeb127c32	bd0e496363f99931d2b438586dc49cc315952025cdf2b52938f0997fbf417e9a	public-release-edit	Only release-integration or path-portability edits; see docs/PROVENANCE.md
Code/DDIM_FMM/train_DDIM.py	Code/DDIM_FMM/train_DDIM.py	d39cff99995f854f9f618412a73d4a8090e2a59dcd0edc6225a4c79583eb0213	d39cff99995f854f9f618412a73d4a8090e2a59dcd0edc6225a4c79583eb0213	copied-verbatim	
Code/DDIM_FMM/train_DDIM_measured.py	Code/DDIM_FMM/train_DDIM_measured.py	0cbdb9dc96bddd94f5fb8a484d9498d6278e528988000b95c738a430f5c0384e	0cbdb9dc96bddd94f5fb8a484d9498d6278e528988000b95c738a430f5c0384e	copied-verbatim	
Code/DDIM_FMM/train_DDIM_tau.py	Code/DDIM_FMM/train_DDIM_tau.py	c4f4289c52ea292eab40df5383291f59458b864c488cc46c3c9d38d437ab5508	c4f4289c52ea292eab40df5383291f59458b864c488cc46c3c9d38d437ab5508	copied-verbatim	
Code/DDIM_FMM/train_DDIM_tau_28GHz_LoS.py	Code/DDIM_FMM/train_DDIM_tau_28GHz_LoS.py	65476e5a9c548268c70a4b554cfde757e9d8fb62f75b2752dc0dfa23ff58ca59	65476e5a9c548268c70a4b554cfde757e9d8fb62f75b2752dc0dfa23ff58ca59	copied-verbatim	
Code/DDIM_FMM/train_DDIM_tau_ema.py	Code/DDIM_FMM/train_DDIM_tau_ema.py	14bc14a823de5f8d4d476b7d2b011e93c764a72b2336627a348d7409d12e3053	7e4c21682431cc3ca112a091a7dba77defd9e59b410a763533535ef90abb6f91	public-release-edit	Only release-integration or path-portability edits; see docs/PROVENANCE.md
Code/DDIM_FMM/train_DDIM_tau_ema_28GHz_LoS.py	Code/DDIM_FMM/train_DDIM_tau_ema_28GHz_LoS.py	6c498434741593e595d2c1f34e4587d55efc77fd5899edd4144708f0e5580f8b	1cfc0d152bdf6dbbbfed799cbd82037e8db291f1c34d8e94350b1fa5df75ca97	public-release-edit	Only release-integration or path-portability edits; see docs/PROVENANCE.md
Code/DDIM_FMM/train_DDIM_tau_ema_28GHz_LoS_SceneV1.py	Code/DDIM_FMM/train_DDIM_tau_ema_28GHz_LoS_SceneV1.py	290116350827ed7ec62ec156c71241c7b056d5f8391d8931ed6f3bf9432727ac	ecd399662938b7c566593eb859cc8d632997e7e9724614753c67186ccca6487b	public-release-edit	Only release-integration or path-portability edits; see docs/PROVENANCE.md
Code/DDIM_FMM/train_DDIM_tau_ema_measured.py	Code/DDIM_FMM/train_DDIM_tau_ema_measured.py	ccd1e0332cb42deebda94cb8c1252f01cd9ca2543f72e186c88f4b8b73c820ad	2395610341f0a5d631e8557cfdd1f8431c02c63ac5411038ccdc819964d3a0b3	public-release-edit	Only release-integration or path-portability edits; see docs/PROVENANCE.md
Code/DDIM_FMM/train_FMM.py	Code/DDIM_FMM/train_FMM.py	004cdd505870c3a818cb0f706e2273cb6973ed37cc29018dbeae87b337fb8c75	004cdd505870c3a818cb0f706e2273cb6973ed37cc29018dbeae87b337fb8c75	copied-verbatim	
Code/DDIM_FMM/upa_beam_distance.py	Code/DDIM_FMM/upa_beam_distance.py	8e4ef2878e02c98ede26adf7806dc037ac5012a8f5455b685fb3c98a85ea39a3	8e4ef2878e02c98ede26adf7806dc037ac5012a8f5455b685fb3c98a85ea39a3	copied-verbatim	
DDIM_Evaluation/FullDim_Distance/README.md	DDIM_Evaluation/FullDim_Distance/README.md	9be1017dc63776a4ece9e644e376c582de956ec457dac77f4a0e973912bdf756	f0213e282d9be19feadbaa8d825290d68906278b8c5b3c33ceea1e5584a45c83	public-release-edit	Only release-integration or path-portability edits; see docs/PROVENANCE.md
DDIM_Evaluation/FullDim_Distance/Sinkhorn_Teaching.md	DDIM_Evaluation/FullDim_Distance/Sinkhorn_Teaching.md	ff4580af6ed5b6bc7a813089ec210b6eb69c62c45bc6acab3e2dae3b1ecc36b9	ff4580af6ed5b6bc7a813089ec210b6eb69c62c45bc6acab3e2dae3b1ecc36b9	copied-verbatim	
DDIM_Evaluation/FullDim_Distance/compute_fulldim_distance_vs_tau.py	DDIM_Evaluation/FullDim_Distance/compute_fulldim_distance_vs_tau.py	3e74d3ed26a4f34f1300063f5d0a6a79c151794734ceeec6d55a7d877f6dd70a	4f5a3e936ca6e1606551ffdee527d642b55617273bbada9361a83c2f765c892f	public-release-edit	Only release-integration or path-portability edits; see docs/PROVENANCE.md
DDIM_Evaluation/FullDim_Distance/plot_fulldim_distance_vs_tau.py	DDIM_Evaluation/FullDim_Distance/plot_fulldim_distance_vs_tau.py	5c812e3687203f55158dc2193272f052868de86b8a6c6c4ad0abfb86bceb6ec7	08236e48d17efdd2f04d07e74b3c6a3cbb97f9f8e2eb621aa59fb9d800b00bc2	public-release-edit	Only release-integration or path-portability edits; see docs/PROVENANCE.md
DDIM_Evaluation/batch_size_effect/README.md	DDIM_Evaluation/batch_size_effect/README.md	b2d3a5a3b2047f861009d621cbca12757304468fa9e84ecc4482720e4b266860	84cff78a7228227b06e4d96ae36edd2689184f5e8da41056aa8c8a124a0aa265	public-release-edit	Only release-integration or path-portability edits; see docs/PROVENANCE.md
DDIM_Evaluation/batch_size_effect/analyze_generalization_window.py	DDIM_Evaluation/batch_size_effect/analyze_generalization_window.py	63b94ae49687afa33d42a0a95aa11619895e0a28de143e8335b123bb0e62f503	1f05c7771056cf2ab506cc38b1fc6bbc6454a56e07307f772cd24ab7e5d3536a	public-release-edit	Only release-integration or path-portability edits; see docs/PROVENANCE.md
DDIM_Evaluation/batch_size_effect/compute_bs_fcd_fmem.py	DDIM_Evaluation/batch_size_effect/compute_bs_fcd_fmem.py	1c35443876fd6aa1f5a3e5fa76c0e0c222fc7204dedc921a915c539ac0b8428b	5c7c496f3b55ad6ce677d608f974e209cb25d02e451a555447647d399e3d4800	public-release-edit	Only release-integration or path-portability edits; see docs/PROVENANCE.md
DDIM_Evaluation/batch_size_effect/plot_bs_fcd_fmem.py	DDIM_Evaluation/batch_size_effect/plot_bs_fcd_fmem.py	f54ba404ef0d79502291e004d94bd16422f26c3ca0a995b9d761f17cac59bb03	32ab7c359cb8f69b160150788349fdfbef87cc8fd0b7749fa7821b0ba70a4b4f	public-release-edit	Only release-integration or path-portability edits; see docs/PROVENANCE.md
DDIM_Evaluation/compute_bs_bfd_vs_tau.py	DDIM_Evaluation/compute_bs_bfd_vs_tau.py	30d91409306476d5d59bb9f7bf0b1c1ad096c27e384199142787dd99ec7beaa2	aaf3b53ec5ef6274b9b0adcf6cffdf0201a7de757c6a688cdb31683df7ffc8ed	public-release-edit	Only release-integration or path-portability edits; see docs/PROVENANCE.md
DDIM_Evaluation/compute_ema_quality_vs_tau.py	DDIM_Evaluation/compute_ema_quality_vs_tau.py	32c8ba54a071baf1adc866caf3a3c57997c985b5f4530197fe2633993145bd3f	32dc215c6be1d0f17293d6835ee2349e3a280afd8e59e69df31f0a01a5c3126d	public-release-edit	Only release-integration or path-portability edits; see docs/PROVENANCE.md
DDIM_Evaluation/compute_fcd_vs_tau.py	DDIM_Evaluation/compute_fcd_vs_tau.py	0039a6665c92450459faaab48a3321a65870a57da2d51337c9177373fa84ce13	1b1f094df0c443d816383a80f3c928a0edeb527f6aa8fe3891daac96f4156bc6	public-release-edit	Only release-integration or path-portability edits; see docs/PROVENANCE.md
DDIM_Evaluation/compute_fmem_ema_extended.py	DDIM_Evaluation/compute_fmem_ema_extended.py	e403f30af41967a668fc93dd21d8afc21eaa6f9165d551bc8dfcecd2215b70a2	b24682885de64232074bdc3ce8762e97f5ea3bc7e29e7206ed15365579e5239d	public-release-edit	Only release-integration or path-portability edits; see docs/PROVENANCE.md
DDIM_Evaluation/compute_fmem_vs_tau.py	DDIM_Evaluation/compute_fmem_vs_tau.py	872cdb2358545fe1dfb7893a871ab6f99c2417277728da5d74833c7a5069a861	c01f713d07332217b7b92f69ed6f68ef9e878ea1efa1dd687a4058cd27fcd745	public-release-edit	Only release-integration or path-portability edits; see docs/PROVENANCE.md
DDIM_Evaluation/compute_loss_errorbars.py	DDIM_Evaluation/compute_loss_errorbars.py	3182459fabe3ee9e5f810b8eda61ae8a1cbd8e6d50f954da885bfbcad05593d7	e2c6c78381bc8268077715591a190f9689f113b83d140688e3c14d17926d0af0	public-release-edit	Only release-integration or path-portability edits; see docs/PROVENANCE.md
DDIM_Evaluation/compute_model_size_metrics.py	DDIM_Evaluation/compute_model_size_metrics.py	5944ab2cae0c4622488d2b8397449003cf7df64e59605009b528dde0ddfdfb44	2e8d4670cbf8ffb89902b019db31827a5fc9d51486751ed5aacc9d035a4aa1a3	public-release-edit	Only release-integration or path-portability edits; see docs/PROVENANCE.md
DDIM_Evaluation/compute_swd_bs_beamspace_vs_tau.py	DDIM_Evaluation/compute_swd_bs_beamspace_vs_tau.py	0e10a5f2cb2339e31191b29469fee9eba27b00aeacda85e62d96719b1be00fe0	6edb99d02f6bc193408c40df7beaa71594c8bdf7495aa99386d42248f6c482f2	public-release-edit	Only release-integration or path-portability edits; see docs/PROVENANCE.md
DDIM_Evaluation/compute_w1_quality_errorbars.py	DDIM_Evaluation/compute_w1_quality_errorbars.py	08eda0f5df5af5681c95ff70f74ce1a925210a66f62958013d3e19f5a2384bbe	566d610403b9b9e5469da68d37a98906255eefff9efa2e10603a67b20af1c0f7	public-release-edit	Only release-integration or path-portability edits; see docs/PROVENANCE.md
DDIM_Evaluation/compute_w1_quality_vs_tau.py	DDIM_Evaluation/compute_w1_quality_vs_tau.py	a630150d5baa9da2b2b79b9ef9d6e71e9c590315d57e78aea001f1011c9f39ad	818a289274d1624ddd754815b94cd3a050fc73d94eb9adf702470075dffa91a9	public-release-edit	Only release-integration or path-portability edits; see docs/PROVENANCE.md
DDIM_Evaluation/compute_w1_quality_vs_tau_ckptavg.py	DDIM_Evaluation/compute_w1_quality_vs_tau_ckptavg.py	471836a1588e596e4007b95a9bea304d9c120982ea7fda4f87a7b56915a6c54b	e3e7c373648f9e7cae7a2b299c0fcde84102895d46167c9f765dc62ebee1b53d	public-release-edit	Only release-integration or path-portability edits; see docs/PROVENANCE.md
DDIM_Evaluation/compute_w1_vs_tau.py	DDIM_Evaluation/compute_w1_vs_tau.py	bc85e1e8646b8acdb9daedc7faa8b23b555a757caa3fa8414f79806caa95aae8	de262a16b31265ddc1b9d9aead009dbc60ae28d7877e8a74c91ebc395ea09032	public-release-edit	Only release-integration or path-portability edits; see docs/PROVENANCE.md
DDIM_Evaluation/dataset_size_effect/README.md	DDIM_Evaluation/dataset_size_effect/README.md	c6bdbeb6104665e89ccf08ccd44e719e290e5c15505d1ae4ea87e207c3a75d7f	0a081d77e88efe3dba6409ae6bad16f8661775fe9af0ece1e2d507d246fab1f7	public-release-edit	Only release-integration or path-portability edits; see docs/PROVENANCE.md
DDIM_Evaluation/dataset_size_effect/analyze_generalization_window.py	DDIM_Evaluation/dataset_size_effect/analyze_generalization_window.py	3d4e3aafa6af3c73c77a2ac3ebf89fae13adee117f9105ebc218f96b3d1bd193	53974d1b630a074d40ef84f6419b831c0deb2570c3c1fb23a01cd9c5f6333594	public-release-edit	Only release-integration or path-portability edits; see docs/PROVENANCE.md
DDIM_Evaluation/dataset_size_effect/compute_dsize_fcd_fmem.py	DDIM_Evaluation/dataset_size_effect/compute_dsize_fcd_fmem.py	1216ef708a672773a6defcce04598daee27e27cfef5dc7febb57ee2747a303bc	d4952ceec6eb79d183ef8a36700292339e1a5785feabcc94ced06d82a5e4a0da	public-release-edit	Only release-integration or path-portability edits; see docs/PROVENANCE.md
DDIM_Evaluation/dataset_size_effect/compute_dsize_fmem_multi_k.py	DDIM_Evaluation/dataset_size_effect/compute_dsize_fmem_multi_k.py	7e8106d6b6ca0823ce4b32b7bb173ffd817936acb5a2190ad6edc7e5249403b4	a8ef5da22d5161b86247c024dfa1f53363959240af3cada70967794a5a027bbb	public-release-edit	Only release-integration or path-portability edits; see docs/PROVENANCE.md
DDIM_Evaluation/dataset_size_effect/plot_dsize_fcd_fmem.py	DDIM_Evaluation/dataset_size_effect/plot_dsize_fcd_fmem.py	9f249b0d2cc975da3407b7c027593f7aa23d889668e4131693c5e098391ec0e4	8e97b3b1003bc0162977d70e8d2cd9ee8309a65f8a84c9ed54f92c0944a619df	public-release-edit	Only release-integration or path-portability edits; see docs/PROVENANCE.md
DDIM_Evaluation/dataset_size_effect/plot_dsize_fmem_collapse.py	DDIM_Evaluation/dataset_size_effect/plot_dsize_fmem_collapse.py	75ec3ead8d59f9f42ca078b7eaebd7036ace5c853c828b37ef6ddfa8f055b07a	6c79e82bcc87fd733d7c5171da3c1c1108ce18ae1da3110ff6a7a5e9d5e56281	public-release-edit	Only release-integration or path-portability edits; see docs/PROVENANCE.md
DDIM_Evaluation/dataset_size_effect/plot_dsize_fmem_collapse_N100_200_500_inset.py	DDIM_Evaluation/dataset_size_effect/plot_dsize_fmem_collapse_N100_200_500_inset.py	f9d267f6e3724e615df23475b00d7a51f2891109a516d2360de57df76ea31220	f9d267f6e3724e615df23475b00d7a51f2891109a516d2360de57df76ea31220	copied-verbatim	
DDIM_Evaluation/dataset_size_effect/plot_dsize_fmem_multi_k.py	DDIM_Evaluation/dataset_size_effect/plot_dsize_fmem_multi_k.py	b7af84565713ccc4bf50fc24ddae36cfd8a8e852e3815b11a0ab9b8c7d5bacb0	e3fe0a3dbc80828ba39f9b5938e6ba860b9d9c03897e82d1fa14587ced131ec0	public-release-edit	Only release-integration or path-portability edits; see docs/PROVENANCE.md
DDIM_Evaluation/dataset_size_effect_28GHz_LoS/compute_N100_28GHz_LoS.py	DDIM_Evaluation/dataset_size_effect_28GHz_LoS/compute_N100_28GHz_LoS.py	e88f84d4c8453400fa828bd0f9f8c6135fb1a20476627561cffd9c49380dc7f5	71aff0ef435ba0fc1220e1a379720e3d1c960e99816abbaa3b0d7d168ba76d3a	public-release-edit	Only release-integration or path-portability edits; see docs/PROVENANCE.md
DDIM_Evaluation/dataset_size_effect_28GHz_LoS/compute_dsize_fmem_28GHz_LoS.py	DDIM_Evaluation/dataset_size_effect_28GHz_LoS/compute_dsize_fmem_28GHz_LoS.py	3d5240718ca8a5aedaa20bed476632fec8a17777b87c0b3eab2b364c552c9dbf	270b15b9a90d4d51a01269235672c34cbcee61c4e54a4cc45ce3929ac79acae8	public-release-edit	Only release-integration or path-portability edits; see docs/PROVENANCE.md
DDIM_Evaluation/dataset_size_effect_28GHz_LoS/compute_dsize_fmem_at_k_28GHz_LoS.py	DDIM_Evaluation/dataset_size_effect_28GHz_LoS/compute_dsize_fmem_at_k_28GHz_LoS.py	2f55f163ab7e625b2817ef805cadf1f8ec511bf6f523040b2f0576134227b56f	2f55f163ab7e625b2817ef805cadf1f8ec511bf6f523040b2f0576134227b56f	copied-verbatim	
DDIM_Evaluation/dataset_size_effect_28GHz_LoS/plot_dsize_fcd_fmem_28GHz_only.py	DDIM_Evaluation/dataset_size_effect_28GHz_LoS/plot_dsize_fcd_fmem_28GHz_only.py	aa887090d7b63e1e009a4ad81f27050f1cabfd205b3dfa87d9828decc1025e8e	baea24af7bc866b3c9a6eb4630ad9a8fa3de631238b3adc3347034822455736e	public-release-edit	Only release-integration or path-portability edits; see docs/PROVENANCE.md
DDIM_Evaluation/dataset_size_effect_28GHz_LoS/plot_dsize_fmem_28GHz_LoS.py	DDIM_Evaluation/dataset_size_effect_28GHz_LoS/plot_dsize_fmem_28GHz_LoS.py	ac468e5c12238802c7165ded1da8d45c3056b9e315bc6fefde0cc1c046b9155e	32bf600cdd86308fe2e77d4adde82778ce84979126678b677df1a6224d7d1cc5	public-release-edit	Only release-integration or path-portability edits; see docs/PROVENANCE.md
DDIM_Evaluation/dataset_size_effect_28GHz_LoS/plot_dsize_fmem_collapse_28GHz_only.py	DDIM_Evaluation/dataset_size_effect_28GHz_LoS/plot_dsize_fmem_collapse_28GHz_only.py	4f371752b1bd509c425ad66273833d8ec80c56ce226147aecb1f98c2d0e1ab4b	5c1cbada26a67744eec2c072dd807e31fae17cf6e4fa06913ac384b67613d845	public-release-edit	Only release-integration or path-portability edits; see docs/PROVENANCE.md
DDIM_Evaluation/dataset_size_effect_28GHz_LoS/plot_fcd_and_fmem_separate_28GHz_vs_3p5GHz.py	DDIM_Evaluation/dataset_size_effect_28GHz_LoS/plot_fcd_and_fmem_separate_28GHz_vs_3p5GHz.py	9f66871f07032c3aa3d7ca10b4717de4a49e8d615cfb9101e08d65cedbf497e9	b7d93c5f7dde7cd4c1b5d04cb4836498780d2ee7e60ee0421b4d1b97536eb200	public-release-edit	Only release-integration or path-portability edits; see docs/PROVENANCE.md
DDIM_Evaluation/dataset_size_effect_28GHz_LoS/plot_fcd_fmem_28GHz_vs_3p5GHz.py	DDIM_Evaluation/dataset_size_effect_28GHz_LoS/plot_fcd_fmem_28GHz_vs_3p5GHz.py	1ea2b1721b5089f5d9923a06dd08ff0b0ef906fa1ff782d1b1ed4c9622a4b2a6	2214e9cad9b74e436b41370cee55369121e39a3b3a07b104c969068d8b1db6b2	public-release-edit	Only release-integration or path-portability edits; see docs/PROVENANCE.md
DDIM_Evaluation/dataset_size_effect_28GHz_LoS/plot_fmem_28GHz_vs_3p5GHz.py	DDIM_Evaluation/dataset_size_effect_28GHz_LoS/plot_fmem_28GHz_vs_3p5GHz.py	bfd4bc23baaecd08700124e3e8a1f901dfb7c82ca59d06a57e845d670e6667bd	81af9b4b6c21ef82636ddd3dd81f6ebcc51d14ed286ae4ab3db1f22413f065c7	public-release-edit	Only release-integration or path-portability edits; see docs/PROVENANCE.md
DDIM_Evaluation/eval_dense_fmem.py	DDIM_Evaluation/eval_dense_fmem.py	fd65b1069b62d75b745e548c1772f620c38de1f18376a1d82bf8fa1ce684e113	fd65b1069b62d75b745e548c1772f620c38de1f18376a1d82bf8fa1ce684e113	copied-verbatim	
DDIM_Evaluation/evaluate_all_sizes.py	DDIM_Evaluation/evaluate_all_sizes.py	f3c5312c9387f6b34903e9adc91950f0cbca1fe0769d338876c21e17a1033bb7	5b559bc04abd8df270f3c27c1cc9884fd4fa2d9fb673b48b94cdb55e5c6db1d3	public-release-edit	Only release-integration or path-portability edits; see docs/PROVENANCE.md
DDIM_Evaluation/fullbatch_effect/README.md	DDIM_Evaluation/fullbatch_effect/README.md	ff5936bd34ba6fd0bd481e7c85a1a08280eefc99e71154a9b1de33bc43a21e36	51912faa309f2453852d0a80269f4732f650094bca0bc918c43e2ba5d7096b3e	public-release-edit	Only release-integration or path-portability edits; see docs/PROVENANCE.md
DDIM_Evaluation/fullbatch_effect/compute_fullbatch_fcd_fmem.py	DDIM_Evaluation/fullbatch_effect/compute_fullbatch_fcd_fmem.py	c39d82c5223ed1dd4dc7ca49dcb1b4d0506d5df74f279595bfe38e4f66bfb4a4	616fe31afef5e612526482333179ead121e0076386dfc58675bad0e98d055fd6	public-release-edit	Only release-integration or path-portability edits; see docs/PROVENANCE.md
DDIM_Evaluation/fullbatch_effect/compute_fullbatch_fmem_at_k.py	DDIM_Evaluation/fullbatch_effect/compute_fullbatch_fmem_at_k.py	4c3ee4587d782aec62a754dc91c715a381f3646c6239b1036ba5db54682ac3d6	4c3ee4587d782aec62a754dc91c715a381f3646c6239b1036ba5db54682ac3d6	copied-verbatim	
DDIM_Evaluation/fullbatch_effect/plot_fullbatch_fcd_fmem.py	DDIM_Evaluation/fullbatch_effect/plot_fullbatch_fcd_fmem.py	3e46fc445b54abcc83372fefe6f9123534d21b74e6674f51f5ad92af8f7edd4f	9911cfda7813fd767c9ec774228caabe2becb006893b2e8eab407ffab32daf34	public-release-edit	Only release-integration or path-portability edits; see docs/PROVENANCE.md
DDIM_Evaluation/fullbatch_effect/plot_fullbatch_fmem_collapse.py	DDIM_Evaluation/fullbatch_effect/plot_fullbatch_fmem_collapse.py	0502d5776f59d352de41a1fb1ddbb2fd2dd5e9ef93672a6656f498bca41352e5	d13f00a9db93647f5604d87592841a7a51c5fbc724a55055f0cddae7b84fb41f	public-release-edit	Only release-integration or path-portability edits; see docs/PROVENANCE.md
DDIM_Evaluation/measured_dataset_effect/compute_measured_fcd_fmem.py	DDIM_Evaluation/measured_dataset_effect/compute_measured_fcd_fmem.py	9895589273e454ebb9be27dc6efb0951237eca5fecc1a034ddb462fd992aa2c2	d293bfdc5de9d352f6ad8a677ec5128a4393dd2fa84bb8f85de1ce6ce54f44b9	public-release-edit	Only release-integration or path-portability edits; see docs/PROVENANCE.md
DDIM_Evaluation/measured_dataset_effect/compute_measured_fmem_at_k.py	DDIM_Evaluation/measured_dataset_effect/compute_measured_fmem_at_k.py	e59f7a128c450411edabffa92c9938779e2d10a9618599196dbdf7f932355607	e59f7a128c450411edabffa92c9938779e2d10a9618599196dbdf7f932355607	copied-verbatim	
DDIM_Evaluation/measured_dataset_effect/plot_measured_fcd_fmem.py	DDIM_Evaluation/measured_dataset_effect/plot_measured_fcd_fmem.py	ab87a0fd539086c5f06b666e8a3febdbf0b45d38679dfd3888834c77c083ce97	368c710ec6af802a917653610bdef1ec6a48a042b67bd5770109031cfbff865a	public-release-edit	Only release-integration or path-portability edits; see docs/PROVENANCE.md
DDIM_Evaluation/measured_dataset_effect/plot_measured_fmem_collapse.py	DDIM_Evaluation/measured_dataset_effect/plot_measured_fmem_collapse.py	08c15f505fc92412aedc4634fecae397253798c825db8e96e5ec912aadd3061a	39ccb4ebb17d72c619d78e2b260063caf72393b72045eb99fed4ecb5ab947ebf	public-release-edit	Only release-integration or path-portability edits; see docs/PROVENANCE.md
DDIM_Evaluation/model_size_effect/README.md	DDIM_Evaluation/model_size_effect/README.md	e587c819703c50dd42dc01c989166f20248bbf990cb4af08395ec9b0a0125f7e	152386d66bb3c7da610fe82f23596b227ad9d3c7764d728fe86a459d5c44e03f	public-release-edit	Only release-integration or path-portability edits; see docs/PROVENANCE.md
DDIM_Evaluation/model_size_effect/compute_wsize_fcd_fmem.py	DDIM_Evaluation/model_size_effect/compute_wsize_fcd_fmem.py	ff1f6bfba240271a8d84f7ace86bfa545676c1fb48ecd3050708ed39a8d804d4	dc1c08121aeccdc2f9b8aea2069012e8bc3f42cd8eca5899696930cb9ac706c2	public-release-edit	Only release-integration or path-portability edits; see docs/PROVENANCE.md
DDIM_Evaluation/model_size_effect/compute_wsize_fmem_at_k.py	DDIM_Evaluation/model_size_effect/compute_wsize_fmem_at_k.py	d983e15d7107802b7820e6bbf00abe33e701ebac0c48e60937afabc404832257	d983e15d7107802b7820e6bbf00abe33e701ebac0c48e60937afabc404832257	copied-verbatim	
DDIM_Evaluation/model_size_effect/plot_wsize_all_NW.py	DDIM_Evaluation/model_size_effect/plot_wsize_all_NW.py	330fb374ff24d3ab0dd3adb70fc8a670c9c8c14c427e8a1ecaa8476b66288bd3	22112afed04df2d06bd71b0248ae1e347e3d9d41642ffd7dfea2a00e44f1f1d3	public-release-edit	Only release-integration or path-portability edits; see docs/PROVENANCE.md
DDIM_Evaluation/model_size_effect/plot_wsize_fcd_fmem.py	DDIM_Evaluation/model_size_effect/plot_wsize_fcd_fmem.py	b61a0ddb1f4b80a6ff1155051bf26e65331d1838d9e65893f0d373eab851c4ce	3bb156a4093f562662071ea416be5bb72ef80137ca9fe59bcb0195781e69fe7f	public-release-edit	Only release-integration or path-portability edits; see docs/PROVENANCE.md
DDIM_Evaluation/model_size_effect/plot_wsize_fmem_norm_with_inset.py	DDIM_Evaluation/model_size_effect/plot_wsize_fmem_norm_with_inset.py	1382da1fa067806cf8ba7af07fd47445d255badbe728537da96dd760860d58c0	1382da1fa067806cf8ba7af07fd47445d255badbe728537da96dd760860d58c0	copied-verbatim	
DDIM_Evaluation/phase_diagram/README.md	DDIM_Evaluation/phase_diagram/README.md	9ff9c3c8cc4ee4e4854091ffb34c940f4155be2fc4197604be7cbef6050de71d	214a18fa04ecafea26dd5182dc0e2b3956cc217564f687e673dc52bdddc6876b	public-release-edit	Only release-integration or path-portability edits; see docs/PROVENANCE.md
DDIM_Evaluation/phase_diagram/build_phase_diagram_table.py	DDIM_Evaluation/phase_diagram/build_phase_diagram_table.py	086f89819648d22fbad5f98dee7e2fec523204f7dc3437531e8801bdd7da930c	db668862cf0acef7329f0b94437daa3ec246d19876195d042f2c522bc8bff1d5	public-release-edit	Only release-integration or path-portability edits; see docs/PROVENANCE.md
DDIM_Evaluation/phase_diagram/nstar_feasibility.py	DDIM_Evaluation/phase_diagram/nstar_feasibility.py	58a0358e4ecaf8cae621fc3ba4e94b4e1a2b9a4458f866e1ead7b30596fea7f5	58a0358e4ecaf8cae621fc3ba4e94b4e1a2b9a4458f866e1ead7b30596fea7f5	copied-verbatim	
DDIM_Evaluation/phase_diagram/paper_phase_diagram.py	DDIM_Evaluation/phase_diagram/paper_phase_diagram.py	5601531643c0aad27a71bdb901ef03488f6d3685dc98eb881915e969151cbf63	5601531643c0aad27a71bdb901ef03488f6d3685dc98eb881915e969151cbf63	copied-verbatim	
DDIM_Evaluation/phase_diagram/phase_boundary_logistic.py	DDIM_Evaluation/phase_diagram/phase_boundary_logistic.py	4b2b434f4aee89d1ae6d2cb3cf2d6b889001fd77bd97511b387ea0d74ebd0a6d	4b2b434f4aee89d1ae6d2cb3cf2d6b889001fd77bd97511b387ea0d74ebd0a6d	copied-verbatim	
DDIM_Evaluation/phase_diagram/plot_phase_diagram.py	DDIM_Evaluation/phase_diagram/plot_phase_diagram.py	4c1969cba9000b8b844f3759ee43511cf4771a8221c9922c14ffafa5683c3b33	fa444add5957868ce508584d5feebc6c644f24a3e1af3c97841834d5d9d7abf0	public-release-edit	Only release-integration or path-portability edits; see docs/PROVENANCE.md
DDIM_Evaluation/phase_diagram/plot_phase_diagram_paper.py	DDIM_Evaluation/phase_diagram/plot_phase_diagram_paper.py	33e2c4b5e342e524ec867a6f5567562ab620dfb1a05c8d5c697f35f72090e03b	a4bec5cf9b47ca58d299c5299c78aa7d37d3657aa58fbbffe313f98374a2882e	public-release-edit	Only release-integration or path-portability edits; see docs/PROVENANCE.md
DDIM_Evaluation/phase_diagram/replot_without_3gen.py	DDIM_Evaluation/phase_diagram/replot_without_3gen.py	195614fe8c05d9bbaa6be0eb69bf0924cb757486c3f8ed19576cc4e56207b25c	195614fe8c05d9bbaa6be0eb69bf0924cb757486c3f8ed19576cc4e56207b25c	copied-verbatim	
DDIM_Evaluation/phase_diagram/validate_b_constraint.py	DDIM_Evaluation/phase_diagram/validate_b_constraint.py	6d1b93ba8b2eb5e7d2f1eddd5323582a7169256b7dbd0c20dbb84dcd7907e526	6d1b93ba8b2eb5e7d2f1eddd5323582a7169256b7dbd0c20dbb84dcd7907e526	copied-verbatim	
DDIM_Evaluation/plot_all_sizes_comparison.py	DDIM_Evaluation/plot_all_sizes_comparison.py	2b81da6fd512bc9607685bec531b2a95bd20084fd6d32b8cb1ea64f8e67be776	7d5a27754161b299285b44dd19ce44872cba30c60fe664efc08eca5a29644ad8	public-release-edit	Only release-integration or path-portability edits; see docs/PROVENANCE.md
DDIM_Evaluation/plot_bs_bfd_vs_tau.py	DDIM_Evaluation/plot_bs_bfd_vs_tau.py	e50466d2acc29cc3eb29a7d8ce492d8a3f0b7e0ca127592e1ed3dfd7c2a39e94	be28a4c1a11cedce36fe1bd5d348f2c0f9563fef99f3e0253d558e383f4b8915	public-release-edit	Only release-integration or path-portability edits; see docs/PROVENANCE.md
DDIM_Evaluation/plot_dense_fmem.py	DDIM_Evaluation/plot_dense_fmem.py	c480bb1f642bbfef7b11829bce2dadf679f858928383cf6ce9c78b0289d054d0	c480bb1f642bbfef7b11829bce2dadf679f858928383cf6ce9c78b0289d054d0	copied-verbatim	
DDIM_Evaluation/plot_ema_quality_vs_tau.py	DDIM_Evaluation/plot_ema_quality_vs_tau.py	64c4615e6caf56baaa283db52b63abf900c422b179e8127d1cc40dddfd90faf9	ac398cc569d52ee6dab095ad3cb1d014e1c2180f6c8b3f2762dbabdf8baa8cf3	public-release-edit	Only release-integration or path-portability edits; see docs/PROVENANCE.md
DDIM_Evaluation/plot_errorbars_combined.py	DDIM_Evaluation/plot_errorbars_combined.py	b08b0323f209ecba629ed7cccef403aafa7c5f5a9d034ccd120a12fd44f22da1	8391efe970604d815c3be7194372bb3003b8da08df72f6b35d63d4c6a5b15067	public-release-edit	Only release-integration or path-portability edits; see docs/PROVENANCE.md
DDIM_Evaluation/plot_fcd_vs_tau.py	DDIM_Evaluation/plot_fcd_vs_tau.py	e8747cdede64dc208a750dd1bfb348a9a8dfcc246eac5603adb5a3da664cb0f1	81446d2423cc99ee8ae07f9101eb3d2310384b0048cac2037913727f18f8e5d6	public-release-edit	Only release-integration or path-portability edits; see docs/PROVENANCE.md
DDIM_Evaluation/plot_fmem_errorbars.py	DDIM_Evaluation/plot_fmem_errorbars.py	027b4e4afe150ba13848cbe1f23a3e8d61b6698cc941b759a66f132b5f23c78a	c2d35406647917a40feb320243e0349f891358cd3def1a68a0f5fc7d9f690cf7	public-release-edit	Only release-integration or path-portability edits; see docs/PROVENANCE.md
DDIM_Evaluation/plot_fmem_vs_tau.py	DDIM_Evaluation/plot_fmem_vs_tau.py	c75ec569a7f86a4963903cd62524690d9471f88cc0f1906130a8a370b21529b9	cfbab163bc5650ecd7f59a24817ea7a7a367958469556c3c057a044db023007f	public-release-edit	Only release-integration or path-portability edits; see docs/PROVENANCE.md
DDIM_Evaluation/plot_model_size_effects.py	DDIM_Evaluation/plot_model_size_effects.py	ec9049231137a125bec45934c0f7f0497c3ff828614d140866d71b88b347dfbe	85354b2f68ebff78536918a55262b9d74305e2bd96182f022a9266f1b62aec26	public-release-edit	Only release-integration or path-portability edits; see docs/PROVENANCE.md
DDIM_Evaluation/plot_quality_and_fmem_bs_bfd_vs_tau.py	DDIM_Evaluation/plot_quality_and_fmem_bs_bfd_vs_tau.py	3f57c3d6bac2aa5c0633aafefb0321a9df21fc12a3efeb6257b70dbe86235a04	481d5b3550b010077a77346ea5adb699041dbc1074e0986ad4b7d0874cf045af	public-release-edit	Only release-integration or path-portability edits; see docs/PROVENANCE.md
DDIM_Evaluation/plot_quality_and_fmem_swd_bs_vs_tau.py	DDIM_Evaluation/plot_quality_and_fmem_swd_bs_vs_tau.py	9a0b6eeede17ea0b510ca25c19272db33e3887d5120f3ed6b320cf3f15dbf1df	fa0b7ecee427e41a9e9622ed21777b6a782a66bf32f200e6c15ff65c67cfe9b8	public-release-edit	Only release-integration or path-portability edits; see docs/PROVENANCE.md
DDIM_Evaluation/plot_swd_bs_beamspace_vs_tau.py	DDIM_Evaluation/plot_swd_bs_beamspace_vs_tau.py	05e1db633f868563f46fa87a6332573c753effe2e81690d297bfaca969a9696d	5d2e14308c23881993679f3963be825eb11352082a65ee0666807a757f47dc43	public-release-edit	Only release-integration or path-portability edits; see docs/PROVENANCE.md
DDIM_Evaluation/plot_tau_train_test_loss.py	DDIM_Evaluation/plot_tau_train_test_loss.py	24467c597d854b7a8b9f0792d5f1cfa5c69760572228f6468ab436be7326739c	24467c597d854b7a8b9f0792d5f1cfa5c69760572228f6468ab436be7326739c	copied-verbatim	
DDIM_Evaluation/plot_w1_quality_vs_tau.py	DDIM_Evaluation/plot_w1_quality_vs_tau.py	c7eaf8b201577448bdebb0fd186d3a279d84be9129f35a3c3104cca5ca2c51d4	8db8af764bda38dc4b249d7218ea053e334087ed3a3f53fe091b7e2fa1dd2121	public-release-edit	Only release-integration or path-portability edits; see docs/PROVENANCE.md
DDIM_Evaluation/plot_w1_quality_vs_tau_ckptavg.py	DDIM_Evaluation/plot_w1_quality_vs_tau_ckptavg.py	307b2d725055a8efe6fa181cc87359220c85184f2162879a4504d93d255c7221	476f1e3c7f4b39cd2292f9ec6f41669256496e64ba490448ea3fb80ae850755a	public-release-edit	Only release-integration or path-portability edits; see docs/PROVENANCE.md
DDIM_Evaluation/plot_w1_vs_tau.py	DDIM_Evaluation/plot_w1_vs_tau.py	4f4563cb6de0a4f5ca89f2486151e750b82a9d2f57daa541fa61dde3baca95bc	cb11f93f973757f66f2f41f21da2327e05b630bc846cc646cb59a859ae265146	public-release-edit	Only release-integration or path-portability edits; see docs/PROVENANCE.md
DDIM_Evaluation/verify_checkpoint_fmem.py	DDIM_Evaluation/verify_checkpoint_fmem.py	0e21b69d955625998957c2012cd2519f5eedab1fb388a26913cb4f346d1d2fe1	0e21b69d955625998957c2012cd2519f5eedab1fb388a26913cb4f346d1d2fe1	copied-verbatim	
Downstream_Tasks/Beam_alignment/replot_28GHz_LoS.py	Downstream_Tasks/Beam_alignment/replot_28GHz_LoS.py	dec4659898b156feb6cfeec40669e27cea4350927a401aa9420857421b4250ca	313a8a565f4c7d677b790497467a02a387217699bb2d59a07f2f5afe36ae0903	public-release-edit	Only release-integration or path-portability edits; see docs/PROVENANCE.md
Downstream_Tasks/Beam_alignment/run_28GHz_LoS.py	Downstream_Tasks/Beam_alignment/run_28GHz_LoS.py	89101f8d323ff9ac374362f0de4065a189efa620d51a0fa48f0db26cb174c6e0	73336c5667af403980b07d96e97d1dc830b96921347de2bf83c7b61c3a32c1f5	public-release-edit	Only release-integration or path-portability edits; see docs/PROVENANCE.md
Downstream_Tasks/Beam_alignment/run_28GHz_LoS_SceneV1.py	Downstream_Tasks/Beam_alignment/run_28GHz_LoS_SceneV1.py	c18ca4cf17926489b266cf8c715102014be91d5d4e5c8343295d3e046f6ed370	abe3b7eeb105d073f78f26e2998f26791dc3cfbde2e055e1e7930be85738c41c	public-release-edit	Only release-integration or path-portability edits; see docs/PROVENANCE.md
Downstream_Tasks/Beam_alignment/run_3p5GHz.py	Downstream_Tasks/Beam_alignment/run_3p5GHz.py	47240adb624c49ff8b74f06ba165e65c490149adcbd676a4a182532d00d60e3d	e7c1767a820828f3b3c25d4008ed4e09569dfc465960460c810b083a62d99622	public-release-edit	Only release-integration or path-portability edits; see docs/PROVENANCE.md
Downstream_Tasks/Beam_alignment/src/DL_utils.py	Downstream_Tasks/Beam_alignment/src/DL_utils.py	d77588d76f87330ad2657207c3c30b578da2b9f710f79b343708c7abaad5f22a	d77588d76f87330ad2657207c3c30b578da2b9f710f79b343708c7abaad5f22a	copied-verbatim	
Downstream_Tasks/Beam_alignment/src/beam_align_core.py	Downstream_Tasks/Beam_alignment/src/beam_align_core.py	b62de356c22ecbeacda7bb1867ed72958c8e01bca7857f693bf050540f030ba5	b62de356c22ecbeacda7bb1867ed72958c8e01bca7857f693bf050540f030ba5	copied-verbatim	
Downstream_Tasks/Beam_alignment/src/beam_utils.py	Downstream_Tasks/Beam_alignment/src/beam_utils.py	2ec228e2f224e9f64297e1bc9d0b9b6c76cf66587735dce378e36beb4adc8f4b	2ec228e2f224e9f64297e1bc9d0b9b6c76cf66587735dce378e36beb4adc8f4b	copied-verbatim	
Downstream_Tasks/Beam_alignment/src/data_utils.py	Downstream_Tasks/Beam_alignment/src/data_utils.py	beb744a12b841bea5f84e311e00374dfa33f225e8a95cd4454b67985a4587cbe	beb744a12b841bea5f84e311e00374dfa33f225e8a95cd4454b67985a4587cbe	copied-verbatim	
Downstream_Tasks/Beam_alignment/src/data_utils_28GHz_LoS.py	Downstream_Tasks/Beam_alignment/src/data_utils_28GHz_LoS.py	a1fcdae5d4cde972841b5e431050534457d34b83e40096b171a3705ff8cfa343	a1fcdae5d4cde972841b5e431050534457d34b83e40096b171a3705ff8cfa343	copied-verbatim	
Downstream_Tasks/Beam_alignment/src/data_utils_28GHz_LoS_SceneV1.py	Downstream_Tasks/Beam_alignment/src/data_utils_28GHz_LoS_SceneV1.py	0165e8184836ba4009237b8d606e96c8ce2509d9d4fd7b559f1249e914dde68d	0165e8184836ba4009237b8d606e96c8ce2509d9d4fd7b559f1249e914dde68d	copied-verbatim	
Downstream_Tasks/Beam_alignment/tau_window_28GHz_LoS/README.md	Downstream_Tasks/Beam_alignment/tau_window_28GHz_LoS/README.md	9a35543e48b29fa8fba1b5275a045d417b1a17bd41f6c8fe531aec11476486cb	92cdafcf74a1296e1d93859914abdc7571d137ef938de8c9cd400fc9e72b9fff	public-release-edit	Only release-integration or path-portability edits; see docs/PROVENANCE.md
Downstream_Tasks/Beam_alignment/tau_window_28GHz_LoS/__init__.py	Downstream_Tasks/Beam_alignment/tau_window_28GHz_LoS/__init__.py	2b97bb81554f13cec4e6c4b1006e76ee860cb7283a4acf98bbf81055fa2e5773	2b97bb81554f13cec4e6c4b1006e76ee860cb7283a4acf98bbf81055fa2e5773	copied-verbatim	
Downstream_Tasks/Beam_alignment/tau_window_28GHz_LoS/compute_window_metrics.py	Downstream_Tasks/Beam_alignment/tau_window_28GHz_LoS/compute_window_metrics.py	638a308ddb71f18b95530d6a329e08e5c23aca9258e6a2c579a526df2c7456f7	638a308ddb71f18b95530d6a329e08e5c23aca9258e6a2c579a526df2c7456f7	copied-verbatim	
Downstream_Tasks/Beam_alignment/tau_window_28GHz_LoS/config.py	Downstream_Tasks/Beam_alignment/tau_window_28GHz_LoS/config.py	9f9e970c8ddafc0a5b61ad681bd2ccb6540d6205b838305a4f98b2c39c1a8208	9f9e970c8ddafc0a5b61ad681bd2ccb6540d6205b838305a4f98b2c39c1a8208	copied-verbatim	
Downstream_Tasks/Beam_alignment/tau_window_28GHz_LoS/plot_results.py	Downstream_Tasks/Beam_alignment/tau_window_28GHz_LoS/plot_results.py	e53857b4299660482905feedb6dd90af0b02e80e813bc222e0d9d6bb90e207d2	e53857b4299660482905feedb6dd90af0b02e80e813bc222e0d9d6bb90e207d2	copied-verbatim	
Downstream_Tasks/Beam_alignment/tau_window_28GHz_LoS/prepare_synthetic.py	Downstream_Tasks/Beam_alignment/tau_window_28GHz_LoS/prepare_synthetic.py	8085c43cadb6fa7d479a9cfc0eade1b6390c6042d1fac1e7666da0d448fbbb1b	8085c43cadb6fa7d479a9cfc0eade1b6390c6042d1fac1e7666da0d448fbbb1b	copied-verbatim	
Downstream_Tasks/Beam_alignment/tau_window_28GHz_LoS/run_experiment.py	Downstream_Tasks/Beam_alignment/tau_window_28GHz_LoS/run_experiment.py	c49d91a2d51d3e082573141ae4394a9146759d7de7867e597c2f3242debfd999	c49d91a2d51d3e082573141ae4394a9146759d7de7867e597c2f3242debfd999	copied-verbatim	
Downstream_Tasks/Beam_alignment/tau_window_28GHz_LoS/window_data.py	Downstream_Tasks/Beam_alignment/tau_window_28GHz_LoS/window_data.py	4760679ee54ecfe3e2491ce0b466f818089064a1945609f403be4bbb3aca115e	4760679ee54ecfe3e2491ce0b466f818089064a1945609f403be4bbb3aca115e	copied-verbatim	
Downstream_Tasks/CSI_Compression/plot_task09.py	Downstream_Tasks/CSI_Compression/plot_task09.py	113aaaed4f744d2ea5ae098e1fb2d4ff960ff484d81693bc27c8d7052afa205a	5c25c6a7703ccb8d9c33898cd1dff764f3485749e0a5394e5ea7377a50209547	public-release-edit	Only release-integration or path-portability edits; see docs/PROVENANCE.md
Downstream_Tasks/CSI_Compression/plot_task09_merged_bars.py	Downstream_Tasks/CSI_Compression/plot_task09_merged_bars.py	222f87d0c5fa0212e1427d09408327d7c2a1ffc3ef98622662657cd252ac64f4	2a105bff85e04b20931ead99d47e28d6b282f29a0624a74a428f60917c12ecea	public-release-edit	Only release-integration or path-portability edits; see docs/PROVENANCE.md
Downstream_Tasks/CSI_Compression/run_task09.py	Downstream_Tasks/CSI_Compression/run_task09.py	b55b6f8ea77672115cb75378bb7cae6c562a031790175ed2170819d5c6466bdd	2002d74cb43101fa1b79154b3ac8a431ba441ab47a6789473f38abf1af40ab7b	public-release-edit	Only release-integration or path-portability edits; see docs/PROVENANCE.md
Downstream_Tasks/CSI_Compression/shared_reference/compute_fmem_kappa_N500.py	Downstream_Tasks/CSI_Compression/shared_reference/compute_fmem_kappa_N500.py	6ba00c7982e1e570f2e820ebdc1ffc1d8b8e7390e84113aa4672d68ebbdc4efa	0654fc7b8705b789354122456cb3002d9d73a6ef425ee03ff7c20adfd869e4b3	public-release-edit	Only release-integration or path-portability edits; see docs/PROVENANCE.md
Downstream_Tasks/CSI_Compression/shared_reference/plot_shared_reference.py	Downstream_Tasks/CSI_Compression/shared_reference/plot_shared_reference.py	eaf00579a8da5a2c0f9d7b69468dd80254e9765620070a7582d43dd75366a185	19a03980cdcc8d2f4956f9f8a54ce349b9d008f7b1e4ece9341be11000f264ed	public-release-edit	Only release-integration or path-portability edits; see docs/PROVENANCE.md
Downstream_Tasks/CSI_Compression/shared_reference/plot_shared_reference_combined.py	Downstream_Tasks/CSI_Compression/shared_reference/plot_shared_reference_combined.py	94856783a5fda2abac15e51c0aa41c5ebd609afc40bef47ab59979d08579436d	94856783a5fda2abac15e51c0aa41c5ebd609afc40bef47ab59979d08579436d	copied-verbatim	
Downstream_Tasks/CSI_Compression/shared_reference/run_shared_reference.py	Downstream_Tasks/CSI_Compression/shared_reference/run_shared_reference.py	99c6c1c4919d291b14cfcfdf8ea3842ea75ff87db6fbb71cf1b6555a12b18b53	1287ee0af250941837702a19d0276658c8437c1b75c864169093931042a311d3	public-release-edit	Only release-integration or path-portability edits; see docs/PROVENANCE.md
Downstream_Tasks/CSI_Compression/shared_reference/sr_data.py	Downstream_Tasks/CSI_Compression/shared_reference/sr_data.py	d95cb08fbce0f1b7bd1a5408d278a20ceb38d9790d1413ec6a4dce20b5e34deb	d95cb08fbce0f1b7bd1a5408d278a20ceb38d9790d1413ec6a4dce20b5e34deb	copied-verbatim	
Downstream_Tasks/CSI_Compression/shared_reference/sr_train.py	Downstream_Tasks/CSI_Compression/shared_reference/sr_train.py	4c0854b33ca1d63e9d12ed9ff6d48c1642cf73f02d4d8c98328250b7b46b597a	4c0854b33ca1d63e9d12ed9ff6d48c1642cf73f02d4d8c98328250b7b46b597a	copied-verbatim	
Downstream_Tasks/CSI_Compression/src/crnet_core.py	Downstream_Tasks/CSI_Compression/src/crnet_core.py	5c998e72495ef301a0f313f6a272208db63b9fa0bdec20286f662dd37156df58	538632e4a462f008f94407f8fff6a0426733c92f9c45e80d15b7f803cae11496	public-release-edit	Only release-integration or path-portability edits; see docs/PROVENANCE.md
Downstream_Tasks/CSI_Compression/src/data_utils.py	Downstream_Tasks/CSI_Compression/src/data_utils.py	422a6909c4876df9e4825f2d68e336528b3081f7833a533da5179f778d682992	422a6909c4876df9e4825f2d68e336528b3081f7833a533da5179f778d682992	copied-verbatim	
retrain_dense_W256_N50.py	retrain_dense_W256_N50.py	3e213fcf7e4a47b4ad05168f8822d9b3220427b0a023535f329f81d4b2c5e85b	3e213fcf7e4a47b4ad05168f8822d9b3220427b0a023535f329f81d4b2c5e85b	copied-verbatim	
